sample number,z_score,p_value
0,1.1204372928217032,0.2625274605005745
1,2.7164693332262404,0.0065982307651641925
2,1.9754544573241335,0.048216598052114756
3,1.2344395814220266,0.21703914744863972
4,1.29144072572219,0.19655089638352896
5,3.571486497728671,0.00035496085072606043
6,0.9494338599212164,0.3423999960021038
7,1.3484418700223497,0.1775163048359687
8,1.91845331302397,0.05505355656353905
9,1.1204372928217032,0.2625274605005745
