sample number,z_score,p_value
0,1.2344395814220266,0.21703914744863972
1,1.8044510244236467,0.071160630297743
2,2.374462467425267,0.01757452285243044
3,2.0894567459244566,0.03666662768158102
4,1.0634361485215398,0.2875842069659358
5,1.91845331302397,0.05505355656353905
6,3.1724784876275374,0.0015114375651821277
7,2.1464578902246205,0.03183646494914116
8,2.1464578902246205,0.03183646494914116
9,3.0584761990272105,0.002224657502804872
